-- phpMyAdmin SQL Dump
-- version 4.3.2
-- http://www.phpmyadmin.net
--
-- Host: localhost
-- Generation Time: Dec 18, 2014 at 09:20 AM
-- Server version: 5.6.21
-- PHP Version: 5.6.3

SET SQL_MODE = "NO_AUTO_VALUE_ON_ZERO";
SET time_zone = "+00:00";


/*!40101 SET @OLD_CHARACTER_SET_CLIENT=@@CHARACTER_SET_CLIENT */;
/*!40101 SET @OLD_CHARACTER_SET_RESULTS=@@CHARACTER_SET_RESULTS */;
/*!40101 SET @OLD_COLLATION_CONNECTION=@@COLLATION_CONNECTION */;
/*!40101 SET NAMES utf8 */;

--
-- Database: `blog`
--

-- --------------------------------------------------------

--
-- Table structure for table `categories`
--

CREATE TABLE IF NOT EXISTS `categories` (
  `id` int(2) NOT NULL,
  `name` varchar(50) NOT NULL
) ENGINE=InnoDB DEFAULT CHARSET=utf8;

--
-- Dumping data for table `categories`
--

INSERT INTO `categories` (`id`, `name`) VALUES
(1, 'C#'),
(2, 'JAVA'),
(3, 'HTML5'),
(4, 'JAVASCRIPT'),
(5, 'PHP');

-- --------------------------------------------------------

--
-- Table structure for table `comments`
--

CREATE TABLE IF NOT EXISTS `comments` (
  `id` int(5) NOT NULL,
  `name` varchar(150) NOT NULL,
  `date` timestamp NOT NULL DEFAULT CURRENT_TIMESTAMP,
  `comment` text NOT NULL,
  `post_id` int(5) NOT NULL
) ENGINE=InnoDB AUTO_INCREMENT=14 DEFAULT CHARSET=utf8;

--
-- Dumping data for table `comments`
--

INSERT INTO `comments` (`id`, `name`, `date`, `comment`, `post_id`) VALUES
(1, 'Fil', '2014-12-16 19:51:42', 'veererbertbnr', 7),
(7, 'Бат Сали', '2014-12-16 20:07:14', 'Я да видиме...', 7),
(8, 'Бат Сали', '2014-12-16 20:07:14', 'Я да видиме...', 7),
(9, 'Damn', '2014-12-16 21:20:59', 'We good!', 1),
(10, 'Damn', '2014-12-16 21:20:59', 'We good!', 1),
(11, 'Filko', '2014-12-17 16:23:54', 'Blblabla', 5),
(12, 'Fiл', '2014-12-17 19:58:23', 'геееее', 16),
(13, 'Опаа', '2014-12-17 23:02:59', 'Май напраихме блога', 7);

-- --------------------------------------------------------

--
-- Table structure for table `posts`
--

CREATE TABLE IF NOT EXISTS `posts` (
  `id` int(5) NOT NULL,
  `date` datetime NOT NULL DEFAULT CURRENT_TIMESTAMP,
  `title` varchar(500) NOT NULL,
  `text` text NOT NULL,
  `user_id` int(5) NOT NULL,
  `category` int(50) NOT NULL
) ENGINE=InnoDB AUTO_INCREMENT=19 DEFAULT CHARSET=utf8;

--
-- Dumping data for table `posts`
--

INSERT INTO `posts` (`id`, `date`, `title`, `text`, `user_id`, `category`) VALUES
(1, '2014-12-15 10:08:58', 'Creating A Bitwise Mask Of Unknown Length', '<p>There are 3 ways to do this (as far as I know).</p>\r\n', 1, 3),
(4, '2014-12-15 16:04:35', 'Flipping a bit on a given position', '<p>Formula: number ^= 1 &lt;&lt; position</p>\r\n', 1, 3),
(5, '2014-11-12 16:05:26', 'Gambling - solution', '<p>Here is the....</p>\r\n', 1, 2),
(7, '2014-02-06 21:45:28', 'Trying out the tags functionality', '<p>This is my textarea to be replaced with CKEditor.</p>\r\n', 1, 1),
(10, '2014-12-16 22:46:02', 'Checking if categories work', '<p>This is my textarea to be replaced with CKEditor.</p>\r\n', 1, 4),
(11, '2014-12-17 10:46:31', 'Lets see', '<p>This is my textarea to be replaced with CKEditor.</p>\r\n', 1, 3),
(12, '2014-12-17 14:26:53', 'Checking if categories work', '<p>This is my textarea to be replaced with CKEditor.</p>\r\n', 1, 1),
(13, '2014-12-17 14:27:05', 'oheoj', '<p>This is my textarea to be replaced with CKEditor.</p>\r\n', 1, 1),
(14, '2014-12-17 14:27:22', 'Creating A Bitwise Mask Of Unknown Length', '<p>This is my textarea to be replaced with CKEditor.</p>\r\n', 1, 1),
(15, '2014-12-17 14:28:08', 'weiogjeaigjb', '<p>This is my textarea to be replaced with CKEditor.</p>\r\n', 1, 1),
(16, '2014-12-17 14:28:16', 'plep[wk', '<p>This is my textarea to be replaced with CKEditor.</p>\r\n', 1, 1),
(17, '2014-12-17 22:44:48', 'tr', '<p>Enter text...</p>\r\n', 1, 1),
(18, '2014-12-17 22:48:02', 'kk', '<p>Enter text...</p>\r\n', 1, 1);

-- --------------------------------------------------------

--
-- Table structure for table `tags`
--

CREATE TABLE IF NOT EXISTS `tags` (
  `tags` varchar(50) NOT NULL,
  `post_id` int(5) NOT NULL
) ENGINE=InnoDB DEFAULT CHARSET=utf8;

--
-- Dumping data for table `tags`
--

INSERT INTO `tags` (`tags`, `post_id`) VALUES
('programming', 0),
('bitwise', 0),
('useful', 0),
('programming', 0),
('bitwise', 0),
('useful', 0),
('programming', 0),
('bitwise', 0),
('useful', 0),
('', 0),
('', 0),
('', 0),
('person', 0),
('free time', 0),
('love', 0),
('peace', 0),
('protest', 0),
('person', 0),
('free time', 0),
('love', 0),
('peace', 0),
('protest', 0),
('exam', 0),
('solution', 0),
('exam', 0),
('solution', 0),
('exam', 6),
('solution', 6),
('exam', 8),
('solution', 8),
('programming', 10),
('bitwise', 10),
('useful', 10),
('programming', 12),
('bitwise', 12),
('useful', 12),
('person', 14),
('free time', 14),
('love', 14),
('peace', 14),
('protest', 14),
('person', 16),
('free time', 16),
('love', 16),
('peace', 16),
('protest', 16),
('test', 18),
('test', 20),
('test', 22),
('test', 24),
('test', 26),
('exam', 28),
('solution', 28),
('exam', 30),
('solution', 30),
('exam', 32),
('solution', 32),
('test', 0),
('debugging', 0),
('programming', 0),
('bitwise', 0),
('useful', 0),
('person', 0),
('free time', 0),
('love', 0),
('peace', 0),
('protest', 0),
('programming', 0),
('bitwise', 0),
('useful', 0),
('lkjeg', 0),
('elowk', 0),
('kljrg', 0),
('weoigj', 0);

-- --------------------------------------------------------

--
-- Table structure for table `users`
--

CREATE TABLE IF NOT EXISTS `users` (
  `id` int(11) NOT NULL,
  `name` varchar(150) NOT NULL,
  `username` varchar(65) NOT NULL,
  `email` varchar(65) NOT NULL,
  `password` varchar(500) NOT NULL,
  `city` varchar(30) NOT NULL,
  `country` varchar(30) NOT NULL,
  `type_account` varchar(15) NOT NULL DEFAULT 'user'
) ENGINE=InnoDB AUTO_INCREMENT=4 DEFAULT CHARSET=utf8;

--
-- Dumping data for table `users`
--

INSERT INTO `users` (`id`, `name`, `username`, `email`, `password`, `city`, `country`, `type_account`) VALUES
(1, 'Filip Kolev', 'Filkolev', 'fil.kolev@abv.bg', '2913ed7d4c8d889226fc287a5b2f0f8c60b7d553e031ca77036f2062d8d35373', 'Sofia', 'Bulgaria', 'admin'),
(2, 'User', 'Username', 'filkolev@abv.bg', '5994471abb01112afcc18159f6cc74b4f511b99806da59b3caf5a9c173cacfc5', 'Sofia', 'Bulgaria', 'user'),
(3, 'ggregeg', 'a2266411', 'dvwv@mail.bg', 'd17f25ecfbcc7857f7bebea469308be0b2580943e96d13a3ad98a13675c4bfc2', 'Sofia', 'Bulgaria', 'user');

-- --------------------------------------------------------

--
-- Table structure for table `views`
--

CREATE TABLE IF NOT EXISTS `views` (
  `post_id` int(11) NOT NULL,
  `ip` varchar(11) NOT NULL
) ENGINE=InnoDB DEFAULT CHARSET=utf8;

--
-- Dumping data for table `views`
--

INSERT INTO `views` (`post_id`, `ip`) VALUES
(1, '0'),
(4, '0'),
(1, '0'),
(4, '0'),
(1, '0'),
(4, '0'),
(1, '0'),
(4, '0'),
(1, '0'),
(4, '0'),
(1, '::1'),
(4, '::1'),
(1, ''),
(4, ''),
(1, '::1'),
(4, '::1'),
(1, '::1'),
(4, '::1'),
(1, '::1'),
(4, '::1'),
(1, '::1'),
(4, '::1'),
(1, '::1'),
(4, '::1'),
(1, '::1'),
(4, '::1'),
(1, '::1'),
(4, '::1'),
(1, '::1'),
(4, '::1'),
(5, '::1'),
(5, '::1'),
(1, '::1'),
(4, '::1'),
(5, '::1'),
(5, '::1'),
(5, '::1'),
(5, '::1'),
(5, '::1'),
(5, '::1'),
(5, '::1'),
(5, '::1'),
(5, '::1'),
(5, '::1'),
(5, '::1'),
(5, '::1'),
(5, '::1'),
(5, '::1'),
(5, '::1'),
(5, '::1'),
(5, '::1'),
(5, '::1'),
(5, '::1'),
(5, '::1'),
(5, '::1'),
(5, '::1'),
(1, '::1'),
(4, '::1'),
(1, '::1'),
(4, '::1'),
(1, '::1'),
(1, '::1'),
(4, '::1'),
(5, '::1'),
(1, '::1'),
(4, '::1'),
(1, '::1'),
(4, '::1'),
(1, '::1'),
(4, '::1'),
(1, '::1'),
(4, '::1'),
(1, '::1'),
(4, '::1'),
(5, '::1'),
(5, '::1'),
(1, '::1'),
(4, '::1'),
(1, '::1'),
(4, '::1'),
(1, '::1'),
(4, '::1'),
(1, '::1'),
(4, '::1'),
(1, '::1'),
(4, '::1'),
(1, '::1'),
(4, '::1'),
(1, '::1'),
(4, '::1'),
(1, '::1'),
(4, '::1'),
(1, '::1'),
(4, '::1'),
(1, '::1'),
(4, '::1'),
(1, '::1'),
(4, '::1'),
(1, '::1'),
(1, '::1'),
(4, '::1'),
(4, '::1'),
(5, '::1'),
(5, '::1'),
(1, '::1'),
(4, '::1'),
(1, '::1'),
(4, '::1'),
(5, '::1'),
(1, '::1'),
(4, '::1'),
(5, '::1'),
(1, '::1'),
(4, '::1'),
(5, '::1'),
(1, '::1'),
(4, '::1'),
(5, '::1'),
(1, '::1'),
(4, '::1'),
(5, '::1'),
(1, '::1'),
(4, '::1'),
(5, '::1'),
(1, '::1'),
(4, '::1'),
(5, '::1'),
(1, '::1'),
(4, '::1'),
(5, '::1'),
(1, '::1'),
(4, '::1'),
(5, '::1'),
(1, '::1'),
(4, '::1'),
(5, '::1'),
(1, '::1'),
(4, '::1'),
(5, '::1'),
(1, '::1'),
(4, '::1'),
(5, '::1'),
(1, '::1'),
(4, '::1'),
(5, '::1'),
(1, '::1'),
(4, '::1'),
(5, '::1'),
(1, '::1'),
(4, '::1'),
(5, '::1'),
(1, '::1'),
(4, '::1'),
(5, '::1'),
(1, '::1'),
(4, '::1'),
(5, '::1'),
(1, '::1'),
(4, '::1'),
(5, '::1'),
(1, '::1'),
(4, '::1'),
(5, '::1'),
(1, '::1'),
(4, '::1'),
(5, '::1'),
(1, '::1'),
(4, '::1'),
(5, '::1'),
(1, '::1'),
(4, '::1'),
(5, '::1'),
(1, '::1'),
(4, '::1'),
(5, '::1'),
(1, '::1'),
(4, '::1'),
(5, '::1'),
(1, '::1'),
(4, '::1'),
(5, '::1'),
(1, '::1'),
(4, '::1'),
(5, '::1'),
(1, '::1'),
(1, '::1'),
(1, '::1'),
(1, '::1'),
(1, '::1'),
(1, '::1'),
(1, '::1'),
(1, '::1'),
(4, '::1'),
(5, '::1'),
(1, '::1'),
(4, '::1'),
(5, '::1'),
(1, '::1'),
(1, '::1'),
(4, '::1'),
(1, '::1'),
(4, '::1'),
(1, '::1'),
(4, '::1'),
(1, '::1'),
(4, '::1'),
(1, '::1'),
(4, '::1'),
(1, '::1'),
(4, '::1'),
(1, '::1'),
(4, '::1'),
(1, '::1'),
(4, '::1'),
(1, '::1'),
(4, '::1'),
(1, '::1'),
(4, '::1'),
(1, '::1'),
(4, '::1'),
(1, '::1'),
(4, '::1'),
(1, '::1'),
(4, '::1'),
(5, '::1'),
(1, '::1'),
(4, '::1'),
(5, '::1'),
(5, '::1'),
(1, '::1'),
(4, '::1'),
(1, '::1'),
(4, '::1'),
(1, '::1'),
(4, '::1'),
(5, '::1'),
(1, '::1'),
(4, '::1'),
(5, '::1'),
(1, '::1'),
(4, '::1'),
(5, '::1'),
(1, '::1'),
(4, '::1'),
(5, '::1'),
(1, '::1'),
(4, '::1'),
(5, '::1'),
(1, '::1'),
(4, '::1'),
(5, '::1'),
(1, '::1'),
(4, '::1'),
(5, '::1'),
(1, '::1'),
(4, '::1'),
(5, '::1'),
(1, '::1'),
(4, '::1'),
(5, '::1'),
(7, '::1'),
(8, '::1'),
(9, '::1'),
(1, '::1'),
(4, '::1'),
(5, '::1'),
(7, '::1'),
(8, '::1'),
(9, '::1'),
(1, '::1'),
(4, '::1'),
(5, '::1'),
(7, '::1'),
(1, '::1'),
(4, '::1'),
(5, '::1'),
(7, '::1'),
(1, '::1'),
(4, '::1'),
(5, '::1'),
(7, '::1'),
(5, '::1'),
(5, '::1'),
(1, '::1'),
(4, '::1'),
(7, '::1'),
(7, '::1'),
(7, '::1'),
(7, '::1'),
(7, '::1'),
(7, '::1'),
(7, '::1'),
(7, '::1'),
(7, '::1'),
(7, '::1'),
(7, '::1'),
(7, '::1'),
(7, '::1'),
(1, '::1'),
(4, '::1'),
(7, '::1'),
(1, '::1'),
(4, '::1'),
(7, '::1'),
(1, '::1'),
(4, '::1'),
(7, '::1'),
(1, '::1'),
(4, '::1'),
(7, '::1'),
(1, '::1'),
(4, '::1'),
(7, '::1'),
(1, '::1'),
(4, '::1'),
(7, '::1'),
(4, '::1'),
(1, '::1'),
(4, '::1'),
(7, '::1'),
(1, '::1'),
(4, '::1'),
(1, '::1'),
(4, '::1'),
(5, '::1'),
(7, '::1'),
(7, '::1'),
(1, '::1'),
(4, '::1'),
(5, '::1'),
(7, '::1'),
(1, '::1'),
(4, '::1'),
(5, '::1'),
(7, '::1'),
(1, '::1'),
(4, '::1'),
(5, '::1'),
(7, '::1'),
(1, '::1'),
(4, '::1'),
(5, '::1'),
(7, '::1'),
(10, '::1'),
(11, '::1'),
(1, '::1'),
(4, '::1'),
(5, '::1'),
(7, '::1'),
(10, '::1'),
(11, '::1'),
(12, '::1'),
(13, '::1'),
(1, '::1'),
(4, '::1'),
(5, '::1'),
(7, '::1'),
(10, '::1'),
(12, '::1'),
(1, '::1'),
(4, '::1'),
(5, '::1'),
(7, '::1'),
(10, '::1'),
(12, '::1'),
(1, '::1'),
(4, '::1'),
(5, '::1'),
(7, '::1'),
(10, '::1'),
(12, '::1'),
(1, '::1'),
(4, '::1'),
(5, '::1'),
(7, '::1'),
(10, '::1'),
(12, '::1'),
(14, '::1'),
(15, '::1'),
(1, '::1'),
(4, '::1'),
(5, '::1'),
(7, '::1'),
(10, '::1'),
(12, '::1'),
(14, '::1'),
(15, '::1'),
(1, '::1'),
(4, '::1'),
(5, '::1'),
(7, '::1'),
(10, '::1'),
(12, '::1'),
(14, '::1'),
(15, '::1'),
(16, '::1'),
(17, '::1'),
(7, '::1'),
(1, '::1'),
(4, '::1'),
(10, '::1'),
(12, '::1'),
(14, '::1'),
(15, '::1'),
(16, '::1'),
(17, '::1'),
(1, '::1'),
(4, '::1'),
(5, '::1'),
(7, '::1'),
(10, '::1'),
(12, '::1'),
(14, '::1'),
(15, '::1'),
(16, '::1'),
(17, '::1'),
(5, '::1'),
(1, '::1'),
(4, '::1'),
(5, '::1'),
(7, '::1'),
(10, '::1'),
(12, '::1'),
(14, '::1'),
(15, '::1'),
(16, '::1'),
(17, '::1'),
(1, '::1'),
(4, '::1'),
(5, '::1'),
(7, '::1'),
(10, '::1'),
(12, '::1'),
(14, '::1'),
(15, '::1'),
(16, '::1'),
(17, '::1'),
(1, '::1'),
(4, '::1'),
(5, '::1'),
(7, '::1'),
(10, '::1'),
(12, '::1'),
(14, '::1'),
(15, '::1'),
(16, '::1'),
(17, '::1'),
(1, '::1'),
(4, '::1'),
(5, '::1'),
(7, '::1'),
(10, '::1'),
(12, '::1'),
(14, '::1'),
(15, '::1'),
(16, '::1'),
(17, '::1'),
(1, '::1'),
(4, '::1'),
(5, '::1'),
(7, '::1'),
(10, '::1'),
(12, '::1'),
(14, '::1'),
(15, '::1'),
(16, '::1'),
(17, '::1'),
(1, '::1'),
(4, '::1'),
(5, '::1'),
(7, '::1'),
(10, '::1'),
(12, '::1'),
(14, '::1'),
(15, '::1'),
(16, '::1'),
(17, '::1'),
(12, '::1'),
(10, '::1'),
(10, '::1'),
(10, '::1'),
(12, '::1'),
(7, '::1'),
(5, '::1'),
(4, '::1'),
(10, '::1'),
(1, '::1'),
(1, '::1'),
(4, '::1'),
(5, '::1'),
(7, '::1'),
(10, '::1'),
(1, '::1'),
(4, '::1'),
(5, '::1'),
(7, '::1'),
(10, '::1'),
(1, '::1'),
(4, '::1'),
(5, '::1'),
(7, '::1'),
(10, '::1'),
(1, '::1'),
(4, '::1'),
(5, '::1'),
(7, '::1'),
(10, '::1'),
(7, '::1'),
(1, '::1'),
(4, '::1'),
(5, '::1'),
(7, '::1'),
(10, '::1'),
(10, '::1'),
(5, '::1'),
(1, '::1'),
(10, '::1'),
(4, '::1'),
(5, '::1'),
(7, '::1'),
(1, '::1'),
(1, '::1'),
(5, '::1'),
(1, '::1'),
(4, '::1'),
(10, '::1'),
(10, '::1'),
(1, '::1'),
(4, '::1'),
(10, '::1'),
(10, '::1'),
(10, '::1'),
(10, '::1'),
(1, '::1'),
(4, '::1'),
(5, '::1'),
(7, '::1'),
(10, '::1'),
(1, '::1'),
(4, '::1'),
(5, '::1'),
(7, '::1'),
(10, '::1'),
(1, '::1'),
(4, '::1'),
(5, '::1'),
(7, '::1'),
(10, '::1'),
(18, '::1'),
(26, '::1'),
(27, '::1'),
(1, '::1'),
(4, '::1'),
(5, '::1'),
(7, '::1'),
(10, '::1'),
(18, '::1'),
(28, '::1'),
(30, '::1'),
(31, '::1'),
(32, '::1'),
(33, '::1'),
(1, '::1'),
(4, '::1'),
(5, '::1'),
(7, '::1'),
(10, '::1'),
(1, '::1'),
(4, '::1'),
(5, '::1'),
(7, '::1'),
(10, '::1'),
(1, '::1'),
(4, '::1'),
(5, '::1'),
(7, '::1'),
(10, '::1'),
(1, '::1'),
(4, '::1'),
(5, '::1'),
(7, '::1'),
(10, '::1'),
(1, '::1'),
(4, '::1'),
(5, '::1'),
(7, '::1'),
(10, '::1'),
(1, '::1'),
(4, '::1'),
(5, '::1'),
(7, '::1'),
(10, '::1'),
(1, '::1'),
(4, '::1'),
(5, '::1'),
(7, '::1'),
(10, '::1'),
(1, '::1'),
(4, '::1'),
(5, '::1'),
(7, '::1'),
(10, '::1'),
(11, '::1'),
(10, '::1'),
(1, '::1'),
(4, '::1'),
(10, '::1'),
(11, '::1'),
(1, '::1'),
(4, '::1'),
(5, '::1'),
(7, '::1'),
(10, '::1'),
(11, '::1'),
(5, '::1'),
(5, '::1'),
(5, '::1'),
(1, '::1'),
(4, '::1'),
(11, '::1'),
(1, '::1'),
(4, '::1'),
(5, '::1'),
(7, '::1'),
(10, '::1'),
(11, '::1'),
(4, '::1'),
(1, '::1'),
(10, '::1'),
(10, '::1'),
(10, '::1'),
(10, '::1'),
(1, '::1'),
(4, '::1'),
(5, '::1'),
(7, '::1'),
(10, '::1'),
(11, '::1'),
(1, '::1'),
(4, '::1'),
(5, '::1'),
(7, '::1'),
(10, '::1'),
(11, '::1'),
(1, '::1'),
(4, '::1'),
(5, '::1'),
(7, '::1'),
(10, '::1'),
(11, '::1'),
(1, '::1'),
(4, '::1'),
(5, '::1'),
(7, '::1'),
(10, '::1'),
(11, '::1'),
(1, '::1'),
(4, '::1'),
(5, '::1'),
(7, '::1'),
(10, '::1'),
(11, '::1'),
(1, '::1'),
(4, '::1'),
(5, '::1'),
(7, '::1'),
(10, '::1'),
(11, '::1'),
(1, '::1'),
(4, '::1'),
(5, '::1'),
(7, '::1'),
(10, '::1'),
(11, '::1'),
(1, '::1'),
(4, '::1'),
(5, '::1'),
(7, '::1'),
(10, '::1'),
(11, '::1'),
(1, '::1'),
(4, '::1'),
(5, '::1'),
(7, '::1'),
(10, '::1'),
(11, '::1'),
(1, '::1'),
(4, '::1'),
(5, '::1'),
(7, '::1'),
(10, '::1'),
(11, '::1'),
(1, '::1'),
(4, '::1'),
(5, '::1'),
(7, '::1'),
(10, '::1'),
(11, '::1'),
(1, '::1'),
(4, '::1'),
(5, '::1'),
(7, '::1'),
(10, '::1'),
(11, '::1'),
(1, '::1'),
(4, '::1'),
(5, '::1'),
(7, '::1'),
(10, '::1'),
(11, '::1'),
(1, '::1'),
(4, '::1'),
(5, '::1'),
(7, '::1'),
(10, '::1'),
(11, '::1'),
(4, '::1'),
(4, '::1'),
(4, '::1'),
(4, '::1'),
(4, '::1'),
(4, '::1'),
(4, '::1'),
(4, '::1'),
(1, '::1'),
(4, '::1'),
(10, '::1'),
(11, '::1'),
(1, '::1'),
(4, '::1'),
(5, '::1'),
(7, '::1'),
(10, '::1'),
(11, '::1'),
(1, '::1'),
(4, '::1'),
(5, '::1'),
(7, '::1'),
(10, '::1'),
(11, '::1'),
(1, '::1'),
(4, '::1'),
(5, '::1'),
(7, '::1'),
(10, '::1'),
(11, '::1'),
(1, '::1'),
(4, '::1'),
(5, '::1'),
(7, '::1'),
(10, '::1'),
(11, '::1'),
(10, '::1'),
(11, '::1'),
(10, '::1'),
(4, '::1'),
(1, '::1'),
(5, '::1'),
(11, '::1'),
(10, '::1'),
(4, '::1'),
(1, '::1'),
(5, '::1'),
(11, '::1'),
(10, '::1'),
(4, '::1'),
(1, '::1'),
(5, '::1'),
(7, '::1'),
(11, '::1'),
(10, '::1'),
(4, '::1'),
(1, '::1'),
(5, '::1'),
(7, '::1'),
(7, '::1'),
(7, '::1'),
(11, '::1'),
(10, '::1'),
(4, '::1'),
(1, '::1'),
(5, '::1'),
(7, '::1'),
(7, '::1'),
(7, '::1'),
(11, '::1'),
(10, '::1'),
(4, '::1'),
(1, '::1'),
(5, '::1'),
(11, '::1'),
(10, '::1'),
(4, '::1'),
(1, '::1'),
(5, '::1'),
(7, '::1'),
(11, '::1'),
(10, '::1'),
(4, '::1'),
(1, '::1'),
(5, '::1'),
(7, '::1'),
(11, '::1'),
(10, '::1'),
(4, '::1'),
(1, '::1'),
(5, '::1'),
(11, '::1'),
(10, '::1'),
(4, '::1'),
(1, '::1'),
(5, '::1'),
(11, '::1'),
(10, '::1'),
(4, '::1'),
(1, '::1'),
(5, '::1'),
(11, '::1'),
(10, '::1'),
(4, '::1'),
(1, '::1'),
(5, '::1'),
(11, '::1'),
(10, '::1'),
(4, '::1'),
(1, '::1'),
(5, '::1'),
(11, '::1'),
(10, '::1'),
(4, '::1'),
(1, '::1'),
(5, '::1'),
(11, '::1'),
(10, '::1'),
(4, '::1'),
(1, '::1'),
(5, '::1'),
(11, '::1'),
(10, '::1'),
(4, '::1'),
(1, '::1'),
(5, '::1'),
(11, '::1'),
(10, '::1'),
(4, '::1'),
(1, '::1'),
(5, '::1'),
(11, '::1'),
(10, '::1'),
(4, '::1'),
(1, '::1'),
(5, '::1'),
(11, '::1'),
(10, '::1'),
(4, '::1'),
(1, '::1'),
(5, '::1'),
(11, '::1'),
(10, '::1'),
(4, '::1'),
(1, '::1'),
(5, '::1'),
(11, '::1'),
(10, '::1'),
(4, '::1'),
(1, '::1'),
(5, '::1'),
(7, '::1'),
(11, '::1'),
(10, '::1'),
(4, '::1'),
(1, '::1'),
(5, '::1'),
(11, '::1'),
(10, '::1'),
(4, '::1'),
(1, '::1'),
(5, '::1'),
(11, '::1'),
(10, '::1'),
(4, '::1'),
(1, '::1'),
(5, '::1'),
(7, '::1'),
(11, '::1'),
(10, '::1'),
(4, '::1'),
(1, '::1'),
(5, '::1'),
(7, '::1'),
(11, '::1'),
(10, '::1'),
(4, '::1'),
(1, '::1'),
(5, '::1'),
(7, '::1'),
(11, '::1'),
(10, '::1'),
(4, '::1'),
(1, '::1'),
(5, '::1'),
(11, '::1'),
(10, '::1'),
(4, '::1'),
(1, '::1'),
(5, '::1'),
(11, '::1'),
(10, '::1'),
(4, '::1'),
(1, '::1'),
(5, '::1'),
(11, '::1'),
(10, '::1'),
(4, '::1'),
(1, '::1'),
(5, '::1'),
(11, '::1'),
(10, '::1'),
(4, '::1'),
(1, '::1'),
(5, '::1'),
(7, '::1'),
(11, '::1'),
(10, '::1'),
(4, '::1'),
(1, '::1'),
(5, '::1'),
(12, '::1'),
(13, '::1'),
(14, '::1'),
(14, '::1'),
(13, '::1'),
(12, '::1'),
(11, '::1'),
(10, '::1'),
(4, '::1'),
(1, '::1'),
(5, '::1'),
(7, '::1'),
(15, '::1'),
(16, '::1'),
(16, '::1'),
(15, '::1'),
(14, '::1'),
(13, '::1'),
(12, '::1'),
(11, '::1'),
(10, '::1'),
(4, '::1'),
(1, '::1'),
(5, '::1'),
(7, '::1'),
(7, '::1'),
(11, '::1'),
(10, '::1'),
(4, '::1'),
(1, '::1'),
(5, '::1'),
(7, '::1'),
(16, '::1'),
(15, '::1'),
(14, '::1'),
(13, '::1'),
(12, '::1'),
(16, '::1'),
(15, '::1'),
(14, '::1'),
(13, '::1'),
(12, '::1'),
(11, '::1'),
(10, '::1'),
(4, '::1'),
(1, '::1'),
(5, '::1'),
(7, '::1'),
(16, '::1'),
(15, '::1'),
(14, '::1'),
(13, '::1'),
(12, '::1'),
(16, '::1'),
(15, '::1'),
(14, '::1'),
(13, '::1'),
(12, '::1'),
(11, '::1'),
(10, '::1'),
(4, '::1'),
(1, '::1'),
(5, '::1'),
(7, '::1'),
(11, '::1'),
(10, '::1'),
(4, '::1'),
(1, '::1'),
(5, '::1'),
(7, '::1'),
(16, '::1'),
(15, '::1'),
(14, '::1'),
(13, '::1'),
(12, '::1'),
(11, '::1'),
(10, '::1'),
(4, '::1'),
(1, '::1'),
(5, '::1'),
(7, '::1'),
(7, '::1'),
(7, '::1'),
(7, '::1'),
(7, '::1'),
(11, '::1'),
(10, '::1'),
(4, '::1'),
(1, '::1'),
(5, '::1'),
(7, '::1'),
(7, '::1'),
(11, '::1'),
(10, '::1'),
(4, '::1'),
(1, '::1'),
(5, '::1'),
(7, '::1'),
(11, '::1'),
(10, '::1'),
(4, '::1'),
(1, '::1'),
(5, '::1'),
(7, '::1'),
(16, '::1'),
(15, '::1'),
(14, '::1'),
(13, '::1'),
(12, '::1'),
(16, '::1'),
(15, '::1'),
(14, '::1'),
(13, '::1'),
(12, '::1'),
(11, '::1'),
(10, '::1'),
(4, '::1'),
(1, '::1'),
(5, '::1'),
(7, '::1'),
(7, '::1'),
(11, '::1'),
(10, '::1'),
(4, '::1'),
(1, '::1'),
(5, '::1'),
(7, '::1'),
(16, '::1'),
(15, '::1'),
(14, '::1'),
(13, '::1'),
(12, '::1'),
(11, '::1'),
(10, '::1'),
(4, '::1'),
(1, '::1'),
(5, '::1'),
(7, '::1'),
(7, '::1'),
(16, '::1'),
(15, '::1'),
(14, '::1'),
(13, '::1'),
(12, '::1'),
(11, '::1'),
(10, '::1'),
(4, '::1'),
(1, '::1'),
(5, '::1'),
(7, '::1'),
(7, '::1'),
(7, '::1'),
(7, '::1'),
(11, '::1'),
(10, '::1'),
(4, '::1'),
(1, '::1'),
(5, '::1'),
(7, '::1'),
(11, '::1'),
(10, '::1'),
(4, '::1'),
(1, '::1'),
(5, '::1'),
(7, '::1'),
(11, '::1'),
(10, '::1'),
(4, '::1'),
(1, '::1'),
(5, '::1'),
(7, '::1'),
(11, '::1'),
(10, '::1'),
(4, '::1'),
(1, '::1'),
(5, '::1'),
(7, '::1'),
(7, '::1'),
(7, '::1'),
(11, '::1'),
(10, '::1'),
(4, '::1'),
(1, '::1'),
(5, '::1'),
(7, '::1'),
(16, '::1'),
(15, '::1'),
(14, '::1'),
(13, '::1'),
(12, '::1'),
(11, '::1'),
(10, '::1'),
(4, '::1'),
(1, '::1'),
(5, '::1'),
(7, '::1'),
(7, '::1'),
(11, '::1'),
(10, '::1'),
(4, '::1'),
(1, '::1'),
(5, '::1'),
(7, '::1'),
(7, '::1'),
(7, '::1'),
(11, '::1'),
(10, '::1'),
(4, '::1'),
(1, '::1'),
(5, '::1'),
(7, '::1'),
(11, '::1'),
(10, '::1'),
(4, '::1'),
(1, '::1'),
(5, '::1'),
(7, '::1'),
(11, '::1'),
(10, '::1'),
(4, '::1'),
(1, '::1'),
(5, '::1'),
(7, '::1'),
(11, '::1'),
(10, '::1'),
(4, '::1'),
(1, '::1'),
(5, '::1'),
(7, '::1'),
(11, '::1'),
(10, '::1'),
(4, '::1'),
(1, '::1'),
(5, '::1'),
(7, '::1'),
(11, '::1'),
(10, '::1'),
(4, '::1'),
(1, '::1'),
(5, '::1'),
(7, '::1'),
(11, '::1'),
(10, '::1'),
(4, '::1'),
(1, '::1'),
(5, '::1'),
(7, '::1'),
(11, '::1'),
(10, '::1'),
(4, '::1'),
(1, '::1'),
(5, '::1'),
(7, '::1'),
(11, '::1'),
(10, '::1'),
(4, '::1'),
(1, '::1'),
(5, '::1'),
(7, '::1'),
(11, '::1'),
(10, '::1'),
(4, '::1'),
(1, '::1'),
(5, '::1'),
(7, '::1'),
(16, '::1'),
(15, '::1'),
(14, '::1'),
(13, '::1'),
(12, '::1'),
(16, '::1'),
(15, '::1'),
(14, '::1'),
(13, '::1'),
(12, '::1'),
(16, '::1'),
(15, '::1'),
(14, '::1'),
(13, '::1'),
(12, '::1'),
(16, '::1'),
(15, '::1'),
(14, '::1'),
(13, '::1'),
(12, '::1'),
(16, '::1'),
(15, '::1'),
(14, '::1'),
(13, '::1'),
(12, '::1'),
(16, '::1'),
(15, '::1'),
(14, '::1'),
(13, '::1'),
(12, '::1'),
(16, '::1'),
(15, '::1'),
(14, '::1'),
(13, '::1'),
(12, '::1'),
(16, '::1'),
(15, '::1'),
(14, '::1'),
(13, '::1'),
(12, '::1'),
(16, '::1'),
(15, '::1'),
(14, '::1'),
(13, '::1'),
(12, '::1'),
(16, '::1'),
(15, '::1'),
(14, '::1'),
(13, '::1'),
(12, '::1'),
(16, '::1'),
(15, '::1'),
(14, '::1'),
(13, '::1'),
(12, '::1'),
(16, '::1'),
(15, '::1'),
(14, '::1'),
(13, '::1'),
(12, '::1'),
(16, '::1'),
(15, '::1'),
(14, '::1'),
(13, '::1'),
(12, '::1'),
(16, '::1'),
(15, '::1'),
(14, '::1'),
(13, '::1'),
(12, '::1'),
(16, '::1'),
(15, '::1'),
(14, '::1'),
(13, '::1'),
(12, '::1'),
(16, '::1'),
(15, '::1'),
(14, '::1'),
(13, '::1'),
(12, '::1'),
(16, '::1'),
(15, '::1'),
(14, '::1'),
(13, '::1'),
(12, '::1'),
(16, '::1'),
(15, '::1'),
(14, '::1'),
(13, '::1'),
(12, '::1'),
(16, '::1'),
(15, '::1'),
(14, '::1'),
(13, '::1'),
(12, '::1'),
(16, '::1'),
(15, '::1'),
(14, '::1'),
(13, '::1'),
(12, '::1'),
(16, '::1'),
(16, '::1'),
(15, '::1'),
(14, '::1'),
(13, '::1'),
(12, '::1'),
(13, '::1'),
(10, '::1'),
(10, '::1'),
(16, '::1'),
(15, '::1'),
(14, '::1'),
(13, '::1'),
(12, '::1'),
(16, '::1'),
(15, '::1'),
(14, '::1'),
(13, '::1'),
(12, '::1'),
(11, '::1'),
(10, '::1'),
(4, '::1'),
(1, '::1'),
(5, '::1'),
(7, '::1'),
(7, '::1'),
(11, '::1'),
(10, '::1'),
(4, '::1'),
(1, '::1'),
(5, '::1'),
(7, '::1'),
(11, '::1'),
(10, '::1'),
(4, '::1'),
(1, '::1'),
(5, '::1'),
(7, '::1'),
(14, '::1'),
(16, '::1'),
(16, '::1'),
(12, '::1'),
(12, '::1'),
(12, '::1'),
(16, '::1'),
(16, '::1'),
(15, '::1'),
(14, '::1'),
(13, '::1'),
(12, '::1'),
(16, '::1'),
(16, '::1'),
(16, '::1'),
(16, '::1'),
(16, '::1'),
(5, '::1'),
(5, '::1'),
(5, '::1'),
(16, '::1'),
(15, '::1'),
(14, '::1'),
(13, '::1'),
(12, '::1'),
(11, '::1'),
(10, '::1'),
(4, '::1'),
(1, '::1'),
(5, '::1'),
(7, '::1'),
(7, '::1'),
(16, '::1'),
(15, '::1'),
(14, '::1'),
(13, '::1'),
(12, '::1'),
(10, '::1'),
(16, '::1'),
(15, '::1'),
(14, '::1'),
(13, '::1'),
(12, '::1'),
(11, '::1'),
(10, '::1'),
(4, '::1'),
(1, '::1'),
(5, '::1'),
(7, '::1'),
(7, '::1'),
(16, '::1'),
(15, '::1'),
(14, '::1'),
(13, '::1'),
(12, '::1'),
(16, '::1'),
(15, '::1'),
(14, '::1'),
(13, '::1'),
(12, '::1'),
(16, '::1'),
(15, '::1'),
(14, '::1'),
(13, '::1'),
(12, '::1'),
(16, '::1'),
(15, '::1'),
(14, '::1'),
(13, '::1'),
(12, '::1'),
(16, '::1'),
(15, '::1'),
(14, '::1'),
(13, '::1'),
(12, '::1'),
(16, '::1'),
(15, '::1'),
(14, '::1'),
(13, '::1'),
(12, '::1'),
(16, '::1'),
(15, '::1'),
(14, '::1'),
(13, '::1'),
(12, '::1'),
(16, '::1'),
(15, '::1'),
(14, '::1'),
(13, '::1'),
(12, '::1'),
(16, '::1'),
(15, '::1'),
(14, '::1'),
(13, '::1'),
(12, '::1'),
(16, '::1'),
(15, '::1'),
(14, '::1'),
(13, '::1'),
(12, '::1'),
(16, '::1'),
(15, '::1'),
(14, '::1'),
(13, '::1'),
(12, '::1'),
(16, '::1'),
(15, '::1'),
(14, '::1'),
(13, '::1'),
(12, '::1'),
(16, '::1'),
(16, '::1'),
(16, '::1'),
(16, '::1'),
(15, '::1'),
(1, '::1'),
(4, '::1'),
(10, '::1'),
(11, '::1'),
(12, '::1'),
(13, '::1'),
(14, '::1'),
(15, '::1'),
(16, '::1'),
(11, '::1'),
(10, '::1'),
(4, '::1'),
(1, '::1'),
(5, '::1'),
(7, '::1'),
(7, '::1'),
(1, '::1'),
(4, '::1'),
(10, '::1'),
(11, '::1'),
(12, '::1'),
(13, '::1'),
(14, '::1'),
(15, '::1'),
(16, '::1'),
(7, '::1'),
(16, '::1'),
(15, '::1'),
(14, '::1'),
(13, '::1'),
(12, '::1'),
(16, '::1'),
(15, '::1'),
(14, '::1'),
(13, '::1'),
(12, '::1'),
(1, '::1'),
(4, '::1'),
(10, '::1'),
(11, '::1'),
(12, '::1'),
(13, '::1'),
(14, '::1'),
(15, '::1'),
(16, '::1'),
(5, '::1'),
(16, '::1'),
(15, '::1'),
(14, '::1'),
(13, '::1'),
(12, '::1'),
(11, '::1'),
(10, '::1'),
(4, '::1'),
(1, '::1'),
(5, '::1'),
(7, '::1'),
(7, '::1'),
(7, '::1'),
(16, '::1'),
(15, '::1'),
(14, '::1'),
(13, '::1'),
(12, '::1'),
(16, '::1'),
(15, '::1'),
(14, '::1'),
(13, '::1'),
(12, '::1'),
(16, '::1'),
(15, '::1'),
(14, '::1'),
(13, '::1'),
(12, '::1'),
(16, '::1'),
(15, '::1'),
(14, '::1'),
(13, '::1'),
(12, '::1'),
(16, '::1'),
(15, '::1'),
(14, '::1'),
(13, '::1'),
(12, '::1'),
(17, '::1'),
(17, '::1'),
(16, '::1'),
(15, '::1'),
(14, '::1'),
(13, '::1'),
(18, '::1'),
(18, '::1'),
(17, '::1'),
(16, '::1'),
(15, '::1'),
(14, '::1'),
(18, '::1'),
(18, '::1'),
(18, '::1'),
(18, '::1'),
(18, '::1'),
(18, '::1'),
(18, '::1'),
(18, '::1'),
(18, '::1'),
(1, '::1'),
(7, '::1'),
(5, '::1'),
(1, '::1'),
(10, '::1'),
(18, '::1'),
(18, '::1'),
(17, '::1'),
(16, '::1'),
(15, '::1'),
(14, '::1'),
(10, '::1'),
(10, '::1'),
(10, '::1'),
(10, '::1'),
(10, '::1'),
(10, '::1'),
(10, '::1'),
(10, '::1'),
(10, '::1'),
(10, '::1'),
(10, '::1'),
(10, '::1'),
(10, '::1'),
(10, '::1'),
(10, '::1'),
(10, '::1'),
(10, '::1'),
(10, '::1'),
(10, '::1'),
(18, '::1'),
(17, '::1'),
(16, '::1'),
(15, '::1'),
(14, '::1'),
(18, '::1'),
(17, '::1'),
(16, '::1'),
(15, '::1'),
(14, '::1'),
(18, '::1'),
(17, '::1'),
(16, '::1'),
(15, '::1'),
(14, '::1'),
(18, '::1'),
(17, '::1'),
(16, '::1'),
(15, '::1'),
(14, '::1'),
(18, '::1'),
(17, '::1'),
(16, '::1'),
(15, '::1'),
(14, '::1'),
(18, '::1'),
(17, '::1'),
(16, '::1'),
(15, '::1'),
(14, '::1'),
(7, '::1'),
(12, '::1'),
(13, '::1'),
(14, '::1'),
(15, '::1'),
(16, '::1'),
(17, '::1'),
(18, '::1'),
(18, '::1'),
(17, '::1'),
(16, '::1'),
(15, '::1'),
(14, '::1'),
(13, '::1'),
(12, '::1'),
(11, '::1'),
(10, '::1'),
(4, '::1'),
(1, '::1'),
(5, '::1'),
(7, '::1'),
(1, '::1'),
(5, '::1'),
(7, '::1'),
(13, '::1'),
(12, '::1'),
(11, '::1'),
(10, '::1'),
(4, '::1'),
(1, '::1'),
(5, '::1'),
(7, '::1'),
(12, '::1'),
(12, '::1'),
(18, '::1'),
(17, '::1'),
(16, '::1'),
(15, '::1'),
(14, '::1'),
(18, '::1'),
(17, '::1'),
(16, '::1'),
(15, '::1'),
(14, '::1'),
(13, '::1'),
(12, '::1'),
(11, '::1'),
(10, '::1'),
(4, '::1'),
(1, '::1'),
(5, '::1'),
(7, '::1'),
(1, '::1'),
(5, '::1'),
(7, '::1'),
(18, '::1'),
(17, '::1'),
(16, '::1'),
(15, '::1'),
(14, '::1'),
(17, '::1'),
(16, '::1'),
(5, '::1'),
(10, '::1'),
(18, '::1'),
(17, '::1'),
(16, '::1'),
(15, '::1'),
(14, '::1'),
(13, '::1'),
(12, '::1'),
(11, '::1'),
(10, '::1'),
(4, '::1'),
(1, '::1'),
(5, '::1'),
(7, '::1'),
(1, '::1'),
(5, '::1'),
(7, '::1'),
(7, '::1');

--
-- Indexes for dumped tables
--

--
-- Indexes for table `comments`
--
ALTER TABLE `comments`
  ADD PRIMARY KEY (`id`);

--
-- Indexes for table `posts`
--
ALTER TABLE `posts`
  ADD PRIMARY KEY (`id`);

--
-- Indexes for table `users`
--
ALTER TABLE `users`
  ADD PRIMARY KEY (`id`);

--
-- AUTO_INCREMENT for dumped tables
--

--
-- AUTO_INCREMENT for table `comments`
--
ALTER TABLE `comments`
  MODIFY `id` int(5) NOT NULL AUTO_INCREMENT,AUTO_INCREMENT=14;
--
-- AUTO_INCREMENT for table `posts`
--
ALTER TABLE `posts`
  MODIFY `id` int(5) NOT NULL AUTO_INCREMENT,AUTO_INCREMENT=19;
--
-- AUTO_INCREMENT for table `users`
--
ALTER TABLE `users`
  MODIFY `id` int(11) NOT NULL AUTO_INCREMENT,AUTO_INCREMENT=4;
/*!40101 SET CHARACTER_SET_CLIENT=@OLD_CHARACTER_SET_CLIENT */;
/*!40101 SET CHARACTER_SET_RESULTS=@OLD_CHARACTER_SET_RESULTS */;
/*!40101 SET COLLATION_CONNECTION=@OLD_COLLATION_CONNECTION */;
